{
  "hash": "b720db42",
  "browserHash": "f3bfec8f",
  "optimized": {
    "vue": {
      "src": "../../node_modules/.pnpm/vue@3.5.29/node_modules/vue/dist/vue.runtime.esm-bundler.js",
      "file": "vue.js",
      "fileHash": "fe0e82e3",
      "needsInterop": false
    },
    "element-plus": {
      "src": "../../node_modules/.pnpm/element-plus@2.13.2_vue@3.5.29/node_modules/element-plus/es/index.mjs",
      "file": "element-plus.js",
      "fileHash": "c439e094",
      "needsInterop": false
    },
    "@element-plus/icons-vue": {
      "src": "../../node_modules/.pnpm/@element-plus+icons-vue@2.3.2_vue@3.5.29/node_modules/@element-plus/icons-vue/dist/index.js",
      "file": "@element-plus_icons-vue.js",
      "fileHash": "3cfedafb",
      "needsInterop": false
    },
    "vue-router": {
      "src": "../../node_modules/.pnpm/vue-router@4.6.4_vue@3.5.29/node_modules/vue-router/dist/vue-router.mjs",
      "file": "vue-router.js",
      "fileHash": "7640af5d",
      "needsInterop": false
    }
  },
  "chunks": {
    "chunk-NEZODASX": {
      "file": "chunk-NEZODASX.js"
    },
    "chunk-WS7W5C5C": {
      "file": "chunk-WS7W5C5C.js"
    }
  }
}